{
  "name": "our-phandulin-adventure",
  "title": "our-phandulin-adventure",
  "description": "",
  "authors": [],
  "url": "https://github.com/buckpower/Our-Phandulin-Adventure",
  "flags": {},
  "version": "1.0.0",
  "scripts": [],
  "esmodules": [],
  "styles": [],
  "languages": [],
  "packs": [],
  "system": "dnd5e",
  "dependencies": [],
  "socket": false,
  "manifest": "https://github.com/buckpower/Our-Phandulin-Adventure/releases/download/1.0.0/world.json",
  "download": "https://github.com/buckpower/Our-Phandulin-Adventure/releases/download/1.0.0/Our-Phandulin-Adventure.zip",
  "protected": false,
  "coreVersion": "9.269",
  "resetKeys": false,
  "safeMode": false,
  "systemVersion": "1.6.3"
}